,sample,Variable,Sobol index
0,complete,X1,0.4830420816050307
1,complete,X1,0.5360354020391459
2,complete,X1,0.4778694849451419
3,complete,X1,0.4629431072280402
4,complete,X1,0.46713067364545435
5,complete,X1,0.47289537369285184
6,complete,X1,0.4748781742891239
7,complete,X1,0.46542622479257134
8,complete,X1,0.4257638851366023
9,complete,X1,0.4543951883455911
10,complete,X1,0.5275374926369051
11,complete,X1,0.5075692414882128
12,complete,X1,0.5085549808380602
13,complete,X1,0.501166652408095
14,complete,X1,0.45234345627181877
15,complete,X1,0.4933561384887273
16,complete,X1,0.4495787938002822
17,complete,X1,0.5211883014471641
18,complete,X1,0.4243322226562286
19,complete,X1,0.47675107117764587
20,complete,X1,0.4817766692051291
21,complete,X1,0.42804308176918116
22,complete,X1,0.4500467963020882
23,complete,X1,0.4408090143265006
24,complete,X1,0.4176486214571796
25,complete,X1,0.486999659923218
26,complete,X1,0.48002160753284745
27,complete,X1,0.5390480614505405
28,complete,X1,0.45026107437330715
29,complete,X1,0.46178238543178346
30,complete,X1,0.45012058898286694
31,complete,X1,0.5143308619551552
32,complete,X1,0.5194399883394683
33,complete,X1,0.5192434577502826
34,complete,X1,0.45661188621112936
35,complete,X1,0.3880607823788517
36,complete,X1,0.48327077321287415
37,complete,X1,0.5191647051352114
38,complete,X1,0.4780052110458339
39,complete,X1,0.5168359102709544
40,complete,X1,0.43814583554152203
41,complete,X1,0.5094864868423599
42,complete,X1,0.5173789279739408
43,complete,X1,0.47397702524662727
44,complete,X1,0.4791373512601249
45,complete,X1,0.4646035307694886
46,complete,X1,0.4508257262699015
47,complete,X1,0.5194690772691477
48,complete,X1,0.443062651213346
49,complete,X1,0.45639897450145783
50,complete,X1,0.48952444560310304
51,complete,X1,0.46575535725688033
52,complete,X1,0.51836222935994
53,complete,X1,0.45000682460177555
54,complete,X1,0.4889125785759359
55,complete,X1,0.4917895574487583
56,complete,X1,0.44141430175724294
57,complete,X1,0.4689296635983721
58,complete,X1,0.5343241825819609
59,complete,X1,0.5160338504623074
60,complete,X1,0.513700865129728
61,complete,X1,0.5348960059108225
62,complete,X1,0.44055221493237684
63,complete,X1,0.3972698422402454
64,complete,X1,0.46537107141858247
65,complete,X1,0.5027787802634327
66,complete,X1,0.43648789022860196
67,complete,X1,0.48043815996788747
68,complete,X1,0.5304510616831524
69,complete,X1,0.46905554177250197
70,complete,X1,0.4860644495527747
71,complete,X1,0.47078431154562866
72,complete,X1,0.45864513129723333
73,complete,X1,0.502686820720887
74,complete,X1,0.5348648704674095
75,complete,X1,0.44617959072508273
76,complete,X1,0.46949922312148007
77,complete,X1,0.49177263197715193
78,complete,X1,0.4488623008741795
79,complete,X1,0.46063679767652504
80,complete,X1,0.48076536754998883
81,complete,X1,0.4472676731373515
82,complete,X1,0.47256010915083396
83,complete,X1,0.479988989453386
84,complete,X1,0.4620483986543446
85,complete,X1,0.5445264769073341
86,complete,X1,0.493979774231364
87,complete,X1,0.4544890121156896
88,complete,X1,0.45101235970659154
89,complete,X1,0.5167774100477798
90,complete,X1,0.4958520838290955
91,complete,X1,0.47139144619295054
92,complete,X1,0.4377130121727403
93,complete,X1,0.46103029101202236
94,complete,X1,0.5052042987067122
95,complete,X1,0.4422718067527045
96,complete,X1,0.42856365729684803
97,complete,X1,0.4725952571829549
98,complete,X1,0.4326248452184759
99,complete,X1,0.4466810186590562
100,complete,X1,0.48956363574992023
101,complete,X1,0.4642041442933151
102,complete,X1,0.4626702617928607
103,complete,X1,0.41730220865878276
104,complete,X1,0.4553541023332868
105,complete,X1,0.4617762415556845
106,complete,X1,0.5148154304029964
107,complete,X1,0.46130924585786937
108,complete,X1,0.4240663779861555
109,complete,X1,0.42607489618474803
110,complete,X1,0.47275388739372887
111,complete,X1,0.5463968960582376
112,complete,X1,0.5001097713411476
113,complete,X1,0.49869019137514625
114,complete,X1,0.5004003120748202
115,complete,X1,0.448986779700857
116,complete,X1,0.46096909864398644
117,complete,X1,0.3744346572914804
118,complete,X1,0.48243382962993736
119,complete,X1,0.495344373227366
120,complete,X1,0.45106903101932616
121,complete,X1,0.4450733351302579
122,complete,X1,0.5127687340477256
123,complete,X1,0.4261014248302111
124,complete,X1,0.46545686911059986
125,complete,X1,0.4613947846025638
126,complete,X1,0.504597830858742
127,complete,X1,0.5252912136431805
128,complete,X1,0.5120748567793708
129,complete,X1,0.4711308006795179
130,complete,X1,0.5229225478930399
131,complete,X1,0.4195748064203424
132,complete,X1,0.45818643887805455
133,complete,X1,0.5056048918700421
134,complete,X1,0.4711199736980358
135,complete,X1,0.42539474059337634
136,complete,X1,0.46560077835822705
137,complete,X1,0.4908057603694654
138,complete,X1,0.5056260108967088
139,complete,X1,0.46793241769345695
140,complete,X1,0.4380795842093496
141,complete,X1,0.4830909487449784
142,complete,X1,0.49257605970838625
143,complete,X1,0.5046796231739209
144,complete,X1,0.4805279211086219
145,complete,X1,0.4785378801806012
146,complete,X1,0.43441606967671637
147,complete,X1,0.452813610055315
148,complete,X1,0.45572168355430637
149,complete,X1,0.5223823403961696
150,complete,X1,0.5126380843432377
151,complete,X1,0.4334299225301685
152,complete,X1,0.5296223769107774
153,complete,X1,0.48080604071027555
154,complete,X1,0.5227516208758333
155,complete,X1,0.5254317766410604
156,complete,X1,0.4663036450345582
157,complete,X1,0.5459344879065426
158,complete,X1,0.430844130918142
159,complete,X1,0.3907024130779033
160,complete,X1,0.5186130610087455
161,complete,X1,0.45606351032220793
162,complete,X1,0.5639035188570193
163,complete,X1,0.466284358735497
164,complete,X1,0.49339362753964283
165,complete,X1,0.39831067784947344
166,complete,X1,0.4456694476548104
167,complete,X1,0.44021747391532984
168,complete,X1,0.42447371561589153
169,complete,X1,0.4667872675392971
170,complete,X1,0.5435835172556016
171,complete,X1,0.4619079998277889
172,complete,X1,0.5473305977518766
173,complete,X1,0.4344561550836469
174,complete,X1,0.45035350240752453
175,complete,X1,0.3822698104627161
176,complete,X1,0.49830818896975787
177,complete,X1,0.4784419474695073
178,complete,X1,0.4725838833102058
179,complete,X1,0.43203553173412207
180,complete,X1,0.460499929000896
181,complete,X1,0.42813246175768344
182,complete,X1,0.45123663942041814
183,complete,X1,0.5133350640787782
184,complete,X1,0.4845540392492279
185,complete,X1,0.47303620599706525
186,complete,X1,0.5147711447358727
187,complete,X1,0.48348205920459764
188,complete,X1,0.4269544217363714
189,complete,X1,0.5068063694913426
190,complete,X1,0.45094575679857835
191,complete,X1,0.4871608890760934
192,complete,X1,0.40177302904641066
193,complete,X1,0.4805474207386731
194,complete,X1,0.41563838501936107
195,complete,X1,0.5395976626958442
196,complete,X1,0.5509296752090561
197,complete,X1,0.45909514980667376
198,complete,X1,0.517694489367579
199,complete,X1,0.4437676609062023
200,complete,X1,0.5047740749835141
201,complete,X1,0.48295562359541205
202,complete,X1,0.46206207873946553
203,complete,X1,0.46735248616927844
204,complete,X1,0.4413060113830871
205,complete,X1,0.45277982179013265
206,complete,X1,0.4336082329821013
207,complete,X1,0.47453190079595314
208,complete,X1,0.5290939632810681
209,complete,X1,0.49143327568402717
210,complete,X1,0.5258794680777363
211,complete,X1,0.511400684652456
212,complete,X1,0.5428807191169133
213,complete,X1,0.41548711721879766
214,complete,X1,0.5215902792685563
215,complete,X1,0.43178998439489436
216,complete,X1,0.4512920627207944
217,complete,X1,0.4694706990468847
218,complete,X1,0.46703938577183574
219,complete,X1,0.5181321129634563
220,complete,X1,0.4734734565054445
221,complete,X1,0.4013932199560909
222,complete,X1,0.4718197931949717
223,complete,X1,0.4211771253084142
224,complete,X1,0.47774479723843993
225,complete,X1,0.441314344104787
226,complete,X1,0.4475362081792186
227,complete,X1,0.45367057287352835
228,complete,X1,0.4679533133382189
229,complete,X1,0.48004885834189853
230,complete,X1,0.4657202973463223
231,complete,X1,0.46144023770925824
232,complete,X1,0.4101624821849123
233,complete,X1,0.5086491002844968
234,complete,X1,0.48138498704208804
235,complete,X1,0.4159168406411821
236,complete,X1,0.4581216538174366
237,complete,X1,0.48491212137124945
238,complete,X1,0.418696408630529
239,complete,X1,0.45765923799865654
240,complete,X1,0.4291054860735274
241,complete,X1,0.4888336192280926
242,complete,X1,0.5244840939465275
243,complete,X1,0.4913302322309388
244,complete,X1,0.4945523735395507
245,complete,X1,0.5044841939650585
246,complete,X1,0.48196033650462294
247,complete,X1,0.4271698856343882
248,complete,X1,0.49682874646354863
249,complete,X1,0.5210806752374615
250,complete,X1,0.4405494171124098
251,complete,X1,0.4616655322748927
252,complete,X1,0.4513878809399103
253,complete,X1,0.48018660196289475
254,complete,X1,0.45813166501744734
255,complete,X1,0.5590592927422833
256,complete,X1,0.5060080481694963
257,complete,X1,0.4484200573451862
258,complete,X1,0.47157631616898255
259,complete,X1,0.44429220696280636
260,complete,X1,0.4482536507863471
261,complete,X1,0.4631500542939618
262,complete,X1,0.3996876073004475
263,complete,X1,0.42036756000995407
264,complete,X1,0.4665738831171934
265,complete,X1,0.42997218808445
266,complete,X1,0.49522975397378605
267,complete,X1,0.4665946290915652
268,complete,X1,0.3614994101906094
269,complete,X1,0.446714730639574
270,complete,X1,0.472284353767644
271,complete,X1,0.4884719104126339
272,complete,X1,0.43563572623891855
273,complete,X1,0.3979555301833471
274,complete,X1,0.42364956787021185
275,complete,X1,0.5052506249818244
276,complete,X1,0.48316403384966855
277,complete,X1,0.47999837914611065
278,complete,X1,0.49281825884365543
279,complete,X1,0.4637090173576222
280,complete,X1,0.4395208031587836
281,complete,X1,0.47770982020947234
282,complete,X1,0.5273859212160945
283,complete,X1,0.4685123995085296
284,complete,X1,0.5220506052807916
285,complete,X1,0.43031309809939344
286,complete,X1,0.4770458320908524
287,complete,X1,0.4777016295566649
288,complete,X1,0.49682631642443653
289,complete,X1,0.4498237822680037
290,complete,X1,0.45670868826692324
291,complete,X1,0.43448450044475095
292,complete,X1,0.5111209918139502
293,complete,X1,0.4650139447233871
294,complete,X1,0.5068073452062063
295,complete,X1,0.47292195642484663
296,complete,X1,0.47332328213223834
297,complete,X1,0.4982608796394092
298,complete,X1,0.4250576358636708
299,complete,X1,0.4486281506045219
300,complete,X1,0.4679796352915434
301,complete,X1,0.4840540984155286
302,complete,X1,0.4899569433907882
303,complete,X1,0.4431205956340228
304,complete,X1,0.48824512676877335
305,complete,X1,0.46088312955636407
306,complete,X1,0.4210083811172209
307,complete,X1,0.416307838842373
308,complete,X1,0.4637863837664356
309,complete,X1,0.4958789064199526
310,complete,X1,0.427143879197664
311,complete,X1,0.4515396112369409
312,complete,X1,0.48388189633767287
313,complete,X1,0.4585259848904436
314,complete,X1,0.47773475226637235
315,complete,X1,0.47204298833125885
316,complete,X1,0.47202753372896683
317,complete,X1,0.45876110042735074
318,complete,X1,0.5187270245024759
319,complete,X1,0.5234791708887229
320,complete,X1,0.43899624404636883
321,complete,X1,0.5195622942133306
322,complete,X1,0.49301839590218893
323,complete,X1,0.4235203252007866
324,complete,X1,0.43959899301286015
325,complete,X1,0.42304281025924384
326,complete,X1,0.513073383192891
327,complete,X1,0.5165604631101338
328,complete,X1,0.48452833438315984
329,complete,X1,0.4958831552740197
330,complete,X1,0.45666608842578404
331,complete,X1,0.5604154937378151
332,complete,X1,0.48443139435584676
333,complete,X1,0.4350341259910125
334,complete,X1,0.479650345911237
335,complete,X1,0.42096581453971677
336,complete,X1,0.46194602647248245
337,complete,X1,0.4827425961900058
338,complete,X1,0.5149897207188817
339,complete,X1,0.4758365055552973
340,complete,X1,0.4720303858531617
341,complete,X1,0.4793147511886951
342,complete,X1,0.4874268010151253
343,complete,X1,0.486221333231554
344,complete,X1,0.4068009511761774
345,complete,X1,0.5639208612011296
346,complete,X1,0.45404485275340867
347,complete,X1,0.5339067616106249
348,complete,X1,0.49341382381430154
349,complete,X1,0.48745720172711715
350,complete,X1,0.5026328816834883
351,complete,X1,0.47531227266540205
352,complete,X1,0.3939746658687196
353,complete,X1,0.527966569745903
354,complete,X1,0.462898407412245
355,complete,X1,0.5027808122528434
356,complete,X1,0.4391781108449926
357,complete,X1,0.4919158320609843
358,complete,X1,0.4917721793791857
359,complete,X1,0.4750532400606875
360,complete,X1,0.4507615911747722
361,complete,X1,0.4493935640786653
362,complete,X1,0.5266730584705266
363,complete,X1,0.5086236076122775
364,complete,X1,0.4826596427013502
365,complete,X1,0.4297366253917956
366,complete,X1,0.44675529700406785
367,complete,X1,0.45698042952764084
368,complete,X1,0.4766575771202575
369,complete,X1,0.5345594495488339
370,complete,X1,0.43321708159680694
371,complete,X1,0.47284921099924654
372,complete,X1,0.4639184594372389
373,complete,X1,0.503601583657794
374,complete,X1,0.5007956497847116
375,complete,X1,0.45908022725009007
376,complete,X1,0.44102158355738375
377,complete,X1,0.5227409922436356
378,complete,X1,0.39106702507063923
379,complete,X1,0.5024848032555683
380,complete,X1,0.4556354760278516
381,complete,X1,0.47460291476531663
382,complete,X1,0.4860302550882892
383,complete,X1,0.4608140711286084
384,complete,X1,0.5153164534339498
385,complete,X1,0.47607293694643854
386,complete,X1,0.44636501466520145
387,complete,X1,0.5158471900811565
388,complete,X1,0.5377105195301728
389,complete,X1,0.4874070992935943
390,complete,X1,0.3985200705349928
391,complete,X1,0.42709487859402145
392,complete,X1,0.4426908111790675
393,complete,X1,0.46583969695867705
394,complete,X1,0.471853922899388
395,complete,X1,0.4655415887931198
396,complete,X1,0.47120907561556497
397,complete,X1,0.47420163295875956
398,complete,X1,0.46537541730131493
399,complete,X1,0.46012169416154136
400,complete,X1,0.50752926421759
401,complete,X1,0.47892109460895854
402,complete,X1,0.4577710909893665
403,complete,X1,0.4850514899817114
404,complete,X1,0.4690091860755024
405,complete,X1,0.5052903550334031
406,complete,X1,0.4446120592429662
407,complete,X1,0.45854611283895225
408,complete,X1,0.44233599220844
409,complete,X1,0.507730340448226
410,complete,X1,0.5558384133309094
411,complete,X1,0.44329604295619135
412,complete,X1,0.495219756261971
413,complete,X1,0.4418955302910149
414,complete,X1,0.44235971617506453
415,complete,X1,0.42723374306557377
416,complete,X1,0.43749129878417725
417,complete,X1,0.5353215287255833
418,complete,X1,0.48784214813755666
419,complete,X1,0.504869821657043
420,complete,X1,0.4922567120339227
421,complete,X1,0.4374538522804095
422,complete,X1,0.4844077210288277
423,complete,X1,0.45885717937687376
424,complete,X1,0.37857449198915566
425,complete,X1,0.46098920970796115
426,complete,X1,0.37732842561275254
427,complete,X1,0.5195537344927332
428,complete,X1,0.4782369210447562
429,complete,X1,0.46423245409461494
430,complete,X1,0.4218696183695534
431,complete,X1,0.4903800662197843
432,complete,X1,0.4619477118832436
433,complete,X1,0.5216858145028708
434,complete,X1,0.49864786424068663
435,complete,X1,0.49530785800342886
436,complete,X1,0.5178300720492015
437,complete,X1,0.5173223371712149
438,complete,X1,0.4815169260375825
439,complete,X1,0.4876125035335385
440,complete,X1,0.4688106184818226
441,complete,X1,0.48390330452906744
442,complete,X1,0.5138323385364597
443,complete,X1,0.4347726025144117
444,complete,X1,0.47011955375667114
445,complete,X1,0.5366413799553638
446,complete,X1,0.5022723339940859
447,complete,X1,0.4638937540701404
448,complete,X1,0.39174566870287647
449,complete,X1,0.5172866705983777
450,complete,X1,0.46136443403759414
451,complete,X1,0.5060601422715885
452,complete,X1,0.5180763541178386
453,complete,X1,0.5018340372596477
454,complete,X1,0.49497678363336306
455,complete,X1,0.4199289874127859
456,complete,X1,0.4972261902798185
457,complete,X1,0.49844917536192096
458,complete,X1,0.3892557089250709
459,complete,X1,0.45223071142302573
460,complete,X1,0.476961261109362
461,complete,X1,0.4557261171672311
462,complete,X1,0.5628466889835313
463,complete,X1,0.40568538918462044
464,complete,X1,0.47666519931929213
465,complete,X1,0.46540145765416946
466,complete,X1,0.4482481655770148
467,complete,X1,0.48118815807784915
468,complete,X1,0.4171074716552855
469,complete,X1,0.4925285601536879
470,complete,X1,0.42329327306928866
471,complete,X1,0.4411464886728222
472,complete,X1,0.4776141378021246
473,complete,X1,0.4747243443842944
474,complete,X1,0.4855263584736477
475,complete,X1,0.5255110537082056
476,complete,X1,0.4184452492970221
477,complete,X1,0.470550035757702
478,complete,X1,0.5197927888611318
479,complete,X1,0.46602345888728747
480,complete,X1,0.49163073982825767
481,complete,X1,0.4936057650143501
482,complete,X1,0.4731840078834848
483,complete,X1,0.38449566007851516
484,complete,X1,0.5298586666456304
485,complete,X1,0.4948114282886129
486,complete,X1,0.4458662799321004
487,complete,X1,0.4665687097407411
488,complete,X1,0.4082789105149629
489,complete,X1,0.5215921837435716
490,complete,X1,0.4774372834954096
491,complete,X1,0.4898613731720367
492,complete,X1,0.5064247353391467
493,complete,X1,0.5260576538524399
494,complete,X1,0.4338454325985842
495,complete,X1,0.5090985860074674
496,complete,X1,0.4447389292694516
497,complete,X1,0.42939374090207766
498,complete,X1,0.5095246603171261
499,complete,X1,0.4593247471917428
500,cc,X1,0.5189039178734658
501,cc,X1,0.5989683717741124
502,cc,X1,0.5217972958401227
503,cc,X1,0.480192469327154
504,cc,X1,0.5086499840880401
505,cc,X1,0.5636011124452345
506,cc,X1,0.44951549023238196
507,cc,X1,0.620667620077874
508,cc,X1,0.44819579143181376
509,cc,X1,0.4990687536298717
510,cc,X1,0.4709243291566515
511,cc,X1,0.5597454926953593
512,cc,X1,0.3995982851984487
513,cc,X1,0.5132537703985104
514,cc,X1,0.5208025814860677
515,cc,X1,0.5035957149590459
516,cc,X1,0.46281552263326936
517,cc,X1,0.6265673255835312
518,cc,X1,0.49144447503724736
519,cc,X1,0.5119724172746484
520,cc,X1,0.47092855732686545
521,cc,X1,0.369435455794131
522,cc,X1,0.5362599349739653
523,cc,X1,0.5332442276531039
524,cc,X1,0.33748165161086885
525,cc,X1,0.5304715567798108
526,cc,X1,0.5598370003642745
527,cc,X1,0.5225149542852421
528,cc,X1,0.4496453703094372
529,cc,X1,0.48186404451594506
530,cc,X1,0.6115609975990229
531,cc,X1,0.47788114027934986
532,cc,X1,0.5045898546603624
533,cc,X1,0.41724853538235995
534,cc,X1,0.4341071175904392
535,cc,X1,0.47730987975997624
536,cc,X1,0.5494449738084108
537,cc,X1,0.5598088346918643
538,cc,X1,0.5469044846750996
539,cc,X1,0.4413565539479361
540,cc,X1,0.45076690611396225
541,cc,X1,0.4339046561667661
542,cc,X1,0.5979448615198381
543,cc,X1,0.4661565252548786
544,cc,X1,0.4873584328473361
545,cc,X1,0.43623387387161705
546,cc,X1,0.4058894098171956
547,cc,X1,0.4925268649649007
548,cc,X1,0.48185734953538883
549,cc,X1,0.6306243819846332
550,cc,X1,0.45950614289655795
551,cc,X1,0.48270246378590426
552,cc,X1,0.47919452285467534
553,cc,X1,0.5204518241893528
554,cc,X1,0.4439103957425747
555,cc,X1,0.44742951063099423
556,cc,X1,0.5290728990946948
557,cc,X1,0.4972679147720544
558,cc,X1,0.44591544405780364
559,cc,X1,0.45201995192831435
560,cc,X1,0.5572881370597492
561,cc,X1,0.555926329584823
562,cc,X1,0.5200323863252324
563,cc,X1,0.5049181351720033
564,cc,X1,0.5147216467689671
565,cc,X1,0.5139216026084339
566,cc,X1,0.5129248293939859
567,cc,X1,0.5258352711433868
568,cc,X1,0.595138146691271
569,cc,X1,0.45140070741350674
570,cc,X1,0.4257335433444702
571,cc,X1,0.4921359377485022
572,cc,X1,0.44202205265493605
573,cc,X1,0.4610083798813626
574,cc,X1,0.48135408251505785
575,cc,X1,0.48397028225370703
576,cc,X1,0.5009437561161825
577,cc,X1,0.48511670103321697
578,cc,X1,0.4870970463101952
579,cc,X1,0.49761600515990173
580,cc,X1,0.45965482434384614
581,cc,X1,0.5117236557574418
582,cc,X1,0.5273000343152662
583,cc,X1,0.5021706077436817
584,cc,X1,0.489933888423239
585,cc,X1,0.4552550234342116
586,cc,X1,0.47935971086489465
587,cc,X1,0.5816863086405022
588,cc,X1,0.4656160091322918
589,cc,X1,0.4835814443231537
590,cc,X1,0.5704034164284164
591,cc,X1,0.39263500127964474
592,cc,X1,0.4362019309064393
593,cc,X1,0.4846010766499913
594,cc,X1,0.4398883489703128
595,cc,X1,0.48835746403458785
596,cc,X1,0.5728348613973477
597,cc,X1,0.424887975707969
598,cc,X1,0.5634913783341612
599,cc,X1,0.46380806111282963
600,cc,X1,0.5720761553388504
601,cc,X1,0.4439815207539783
602,cc,X1,0.5868909685258189
603,cc,X1,0.5245840212795735
604,cc,X1,0.5379445334592933
605,cc,X1,0.48656591463950744
606,cc,X1,0.5224824444966099
607,cc,X1,0.4232921954502742
608,cc,X1,0.4364002637272465
609,cc,X1,0.4872357504395466
610,cc,X1,0.5005286132421588
611,cc,X1,0.5842994072467764
612,cc,X1,0.5039300360627462
613,cc,X1,0.5180695367819297
614,cc,X1,0.49090606478787296
615,cc,X1,0.4728622432999408
616,cc,X1,0.5072970875592803
617,cc,X1,0.5696198116328901
618,cc,X1,0.6513862148589408
619,cc,X1,0.44858265551744886
620,cc,X1,0.4650377243876817
621,cc,X1,0.47040418729032957
622,cc,X1,0.5600149002656416
623,cc,X1,0.4363248031385373
624,cc,X1,0.4337596614772579
625,cc,X1,0.5741364815297287
626,cc,X1,0.4737535520921639
627,cc,X1,0.37889935919610446
628,cc,X1,0.4911830781021778
629,cc,X1,0.5272864670032527
630,cc,X1,0.4248516780058856
631,cc,X1,0.5188044173127694
632,cc,X1,0.4941790579080135
633,cc,X1,0.5277183620260072
634,cc,X1,0.441883335141324
635,cc,X1,0.47686111271731774
636,cc,X1,0.5557527097751364
637,cc,X1,0.5988404915860429
638,cc,X1,0.546517494029797
639,cc,X1,0.5227679894128056
640,cc,X1,0.5793928564236622
641,cc,X1,0.5271561115918351
642,cc,X1,0.46172958199432396
643,cc,X1,0.6141660784147627
644,cc,X1,0.5728350365037457
645,cc,X1,0.45420031971655767
646,cc,X1,0.47856455300470885
647,cc,X1,0.4774643497512603
648,cc,X1,0.6150616338551405
649,cc,X1,0.4675434118411956
650,cc,X1,0.5452106039344535
651,cc,X1,0.5123932994290518
652,cc,X1,0.534502848866233
653,cc,X1,0.6073330136227415
654,cc,X1,0.48270839069369403
655,cc,X1,0.43520893239979086
656,cc,X1,0.5468985116738875
657,cc,X1,0.46783652788311364
658,cc,X1,0.49766747517052107
659,cc,X1,0.5179439117962098
660,cc,X1,0.5037798869759018
661,cc,X1,0.4289695780526775
662,cc,X1,0.465197968131872
663,cc,X1,0.5460847655139631
664,cc,X1,0.5319551549800632
665,cc,X1,0.5246291833314619
666,cc,X1,0.6294367904530304
667,cc,X1,0.42443532793483196
668,cc,X1,0.526213608671453
669,cc,X1,0.502914264390953
670,cc,X1,0.584352951078662
671,cc,X1,0.5426773743434768
672,cc,X1,0.4781027237267116
673,cc,X1,0.5628171922431644
674,cc,X1,0.3967571568246081
675,cc,X1,0.49237247850074667
676,cc,X1,0.46441368509962044
677,cc,X1,0.5219441410017178
678,cc,X1,0.5064052962737359
679,cc,X1,0.5645948226934657
680,cc,X1,0.5555488414329282
681,cc,X1,0.4757550923291748
682,cc,X1,0.4138722882934042
683,cc,X1,0.5525630074583379
684,cc,X1,0.5402418029944082
685,cc,X1,0.4687483230645699
686,cc,X1,0.44914881177965327
687,cc,X1,0.5354954845015572
688,cc,X1,0.5768279649164105
689,cc,X1,0.4638298378880524
690,cc,X1,0.45349796748269877
691,cc,X1,0.4640110880035168
692,cc,X1,0.42677074080901534
693,cc,X1,0.5377492423760374
694,cc,X1,0.5112189843738113
695,cc,X1,0.5325973760503677
696,cc,X1,0.5330025701022586
697,cc,X1,0.5115025376242057
698,cc,X1,0.5486637310416864
699,cc,X1,0.449664999775545
700,cc,X1,0.5026293573874242
701,cc,X1,0.442196569554782
702,cc,X1,0.5368219947639248
703,cc,X1,0.5929498363916953
704,cc,X1,0.4522373248718318
705,cc,X1,0.6032803562229437
706,cc,X1,0.5215445184543301
707,cc,X1,0.49582138554632615
708,cc,X1,0.46729798780316184
709,cc,X1,0.4269217834262991
710,cc,X1,0.49723316293004827
711,cc,X1,0.4047685235132415
712,cc,X1,0.4690091946366485
713,cc,X1,0.48934803168857693
714,cc,X1,0.4522343797103051
715,cc,X1,0.48243438668014943
716,cc,X1,0.44795733469429216
717,cc,X1,0.5203160287708579
718,cc,X1,0.6154629469157699
719,cc,X1,0.4998079646239839
720,cc,X1,0.5734318516446946
721,cc,X1,0.5361279679562686
722,cc,X1,0.5223432663650917
723,cc,X1,0.5360267668448229
724,cc,X1,0.4649738716361797
725,cc,X1,0.5137190452912526
726,cc,X1,0.437900074141472
727,cc,X1,0.48486076159687397
728,cc,X1,0.4594165183047439
729,cc,X1,0.49806772957874407
730,cc,X1,0.45182057240434453
731,cc,X1,0.4109121862860186
732,cc,X1,0.5158488013326722
733,cc,X1,0.5078190249318976
734,cc,X1,0.5561037678675979
735,cc,X1,0.4751075703189313
736,cc,X1,0.522444814839259
737,cc,X1,0.46900451891029105
738,cc,X1,0.595970798679648
739,cc,X1,0.5417772608415123
740,cc,X1,0.5350245537996423
741,cc,X1,0.4884575287585818
742,cc,X1,0.532473369738775
743,cc,X1,0.4597703652277466
744,cc,X1,0.470803683396583
745,cc,X1,0.5813753212284248
746,cc,X1,0.5216616365138145
747,cc,X1,0.44957765176889253
748,cc,X1,0.45845738845488343
749,cc,X1,0.6084581763675129
750,cc,X1,0.49500001708251434
751,cc,X1,0.5507722495224929
752,cc,X1,0.462032038015649
753,cc,X1,0.5134430286059091
754,cc,X1,0.446276283627758
755,cc,X1,0.6279463474142689
756,cc,X1,0.548715446243059
757,cc,X1,0.5348312908612108
758,cc,X1,0.5648604289993383
759,cc,X1,0.5219116710726331
760,cc,X1,0.3991736034783421
761,cc,X1,0.4391054580101281
762,cc,X1,0.5731335332361831
763,cc,X1,0.5034815296918677
764,cc,X1,0.4516489571385938
765,cc,X1,0.46689474923519264
766,cc,X1,0.6035358541261505
767,cc,X1,0.5906723672543067
768,cc,X1,0.464545556090255
769,cc,X1,0.48090224240775076
770,cc,X1,0.43962472919272816
771,cc,X1,0.44201431582747536
772,cc,X1,0.5520059106826892
773,cc,X1,0.5327465204968659
774,cc,X1,0.44889171459635574
775,cc,X1,0.5652662285062922
776,cc,X1,0.4699133598964191
777,cc,X1,0.6349921588701165
778,cc,X1,0.5576867573144783
779,cc,X1,0.406778082729163
780,cc,X1,0.5667853835762995
781,cc,X1,0.5458923952014489
782,cc,X1,0.494510136867867
783,cc,X1,0.4199906602947649
784,cc,X1,0.4631318305924996
785,cc,X1,0.5797894751610982
786,cc,X1,0.6063954682031569
787,cc,X1,0.4380739082734944
788,cc,X1,0.4356463178018154
789,cc,X1,0.5369450080926678
790,cc,X1,0.44914471505645154
791,cc,X1,0.6278566141548325
792,cc,X1,0.4365474341698998
793,cc,X1,0.4115535407427207
794,cc,X1,0.5058536166369764
795,cc,X1,0.3741602030962026
796,cc,X1,0.544870120159393
797,cc,X1,0.4569637740654244
798,cc,X1,0.5048899805014817
799,cc,X1,0.45247044581296497
800,cc,X1,0.38781813989119196
801,cc,X1,0.5333149353068202
802,cc,X1,0.5886592558643265
803,cc,X1,0.44682742867221065
804,cc,X1,0.43722900563980227
805,cc,X1,0.38620621784752707
806,cc,X1,0.5388057748870446
807,cc,X1,0.501233228238063
808,cc,X1,0.39786310061258434
809,cc,X1,0.5180548935079098
810,cc,X1,0.565608694224048
811,cc,X1,0.4900948325139588
812,cc,X1,0.5230044117785865
813,cc,X1,0.5723858682899691
814,cc,X1,0.5934247950613684
815,cc,X1,0.5871754524679154
816,cc,X1,0.6110779841731853
817,cc,X1,0.5388143634876454
818,cc,X1,0.44123278071254435
819,cc,X1,0.47918586229799276
820,cc,X1,0.44277206906952293
821,cc,X1,0.5191738602030981
822,cc,X1,0.539787701335337
823,cc,X1,0.4200000634950229
824,cc,X1,0.5581746151402284
825,cc,X1,0.5073867204129977
826,cc,X1,0.543708961300705
827,cc,X1,0.5169855539169705
828,cc,X1,0.37980721182158367
829,cc,X1,0.4228450229343794
830,cc,X1,0.46698945277629733
831,cc,X1,0.6148929252640668
832,cc,X1,0.4791329144936802
833,cc,X1,0.5057724198520033
834,cc,X1,0.44840803275817237
835,cc,X1,0.4928902358340627
836,cc,X1,0.5594201841019356
837,cc,X1,0.46369399595864386
838,cc,X1,0.5691777250104674
839,cc,X1,0.3909199540840354
840,cc,X1,0.4034126810766879
841,cc,X1,0.5395120500716817
842,cc,X1,0.523476157786322
843,cc,X1,0.4994773991099859
844,cc,X1,0.4450516186503202
845,cc,X1,0.5401876607239521
846,cc,X1,0.5035073638043602
847,cc,X1,0.38602456997643336
848,cc,X1,0.4218993842945214
849,cc,X1,0.383065964403623
850,cc,X1,0.5437275200298364
851,cc,X1,0.4918286076528169
852,cc,X1,0.5087741573511823
853,cc,X1,0.5086612685881122
854,cc,X1,0.49376258441027776
855,cc,X1,0.4523338707249088
856,cc,X1,0.5150822889475445
857,cc,X1,0.4856631107285545
858,cc,X1,0.4160129991474079
859,cc,X1,0.49196391714388976
860,cc,X1,0.5847027431062763
861,cc,X1,0.6390123625055735
862,cc,X1,0.48616794143345776
863,cc,X1,0.6452644108210881
864,cc,X1,0.5000976350285343
865,cc,X1,0.5547657717259464
866,cc,X1,0.4760905876705073
867,cc,X1,0.5549490431149061
868,cc,X1,0.5464259118394608
869,cc,X1,0.5449182833246046
870,cc,X1,0.5250434244824921
871,cc,X1,0.4827518268377525
872,cc,X1,0.43655706702347213
873,cc,X1,0.5955709498664397
874,cc,X1,0.4446004881996244
875,cc,X1,0.47257751043254714
876,cc,X1,0.4161223753624145
877,cc,X1,0.5220537019023065
878,cc,X1,0.4958063192981705
879,cc,X1,0.43317722720642
880,cc,X1,0.46042267539400117
881,cc,X1,0.5084788711908469
882,cc,X1,0.5268903584851131
883,cc,X1,0.5047157006435106
884,cc,X1,0.5510916180704105
885,cc,X1,0.34341240737665385
886,cc,X1,0.458025579546002
887,cc,X1,0.46871504774570855
888,cc,X1,0.46349348377380256
889,cc,X1,0.4054242005456117
890,cc,X1,0.47672642742294713
891,cc,X1,0.521486720246213
892,cc,X1,0.5111351684726226
893,cc,X1,0.48486469994824205
894,cc,X1,0.5762951411017923
895,cc,X1,0.539601396261529
896,cc,X1,0.5429483523521841
897,cc,X1,0.5941478788023252
898,cc,X1,0.5055662873841759
899,cc,X1,0.495623421789954
900,cc,X1,0.5240127847899216
901,cc,X1,0.5596476641656242
902,cc,X1,0.6015752372423737
903,cc,X1,0.5694584430475507
904,cc,X1,0.4000995897321972
905,cc,X1,0.520737206233938
906,cc,X1,0.5287591579019745
907,cc,X1,0.48191913954022336
908,cc,X1,0.5452159803237192
909,cc,X1,0.5146983117123256
910,cc,X1,0.506012357172634
911,cc,X1,0.5835938614414395
912,cc,X1,0.5580290897841027
913,cc,X1,0.4071547986471214
914,cc,X1,0.37217787665724594
915,cc,X1,0.506519358521081
916,cc,X1,0.6053938941049299
917,cc,X1,0.49842937115525454
918,cc,X1,0.5280889233248683
919,cc,X1,0.4218954230952933
920,cc,X1,0.4968023617767519
921,cc,X1,0.4227175789319384
922,cc,X1,0.4181523806012384
923,cc,X1,0.5155488167375274
924,cc,X1,0.5059795477288961
925,cc,X1,0.5892993622264616
926,cc,X1,0.5902810582404915
927,cc,X1,0.5499049276768487
928,cc,X1,0.5400776965042803
929,cc,X1,0.4729510487142441
930,cc,X1,0.608093995146642
931,cc,X1,0.4891980691857274
932,cc,X1,0.4857333696031309
933,cc,X1,0.4919824244393224
934,cc,X1,0.5059010647025649
935,cc,X1,0.4282017749903774
936,cc,X1,0.569697708468933
937,cc,X1,0.5753817724765024
938,cc,X1,0.5029580477624442
939,cc,X1,0.4680351056035469
940,cc,X1,0.6609462488238265
941,cc,X1,0.5651884503389586
942,cc,X1,0.5538072308269276
943,cc,X1,0.48452142128611386
944,cc,X1,0.530018494747799
945,cc,X1,0.44727512054170565
946,cc,X1,0.5106720553133095
947,cc,X1,0.47476765352891237
948,cc,X1,0.4328262294913513
949,cc,X1,0.5527284013239434
950,cc,X1,0.5992777709402011
951,cc,X1,0.48314687480748036
952,cc,X1,0.4342332269638543
953,cc,X1,0.48760079628083147
954,cc,X1,0.49921564897866216
955,cc,X1,0.4499299412112671
956,cc,X1,0.4614527910647942
957,cc,X1,0.4154204119778724
958,cc,X1,0.4503287375553062
959,cc,X1,0.47972108209990655
960,cc,X1,0.6116060522867348
961,cc,X1,0.47963358461786143
962,cc,X1,0.4750442233305256
963,cc,X1,0.5260427525758118
964,cc,X1,0.5731588131239769
965,cc,X1,0.487344702243164
966,cc,X1,0.5168085882048663
967,cc,X1,0.5105223845787695
968,cc,X1,0.5586398915990779
969,cc,X1,0.468830961103219
970,cc,X1,0.5216082700686531
971,cc,X1,0.5062229308365205
972,cc,X1,0.40231493472200164
973,cc,X1,0.4579569522233483
974,cc,X1,0.5516846429778347
975,cc,X1,0.4507928957608149
976,cc,X1,0.47671229147972327
977,cc,X1,0.6061577587331114
978,cc,X1,0.5452051081173073
979,cc,X1,0.49759665532111924
980,cc,X1,0.4775079688352344
981,cc,X1,0.47809917373776706
982,cc,X1,0.5430896071433283
983,cc,X1,0.49202787194983494
984,cc,X1,0.5375780649705829
985,cc,X1,0.43994319608432764
986,cc,X1,0.35989967914966653
987,cc,X1,0.5054023607559542
988,cc,X1,0.5075694969798085
989,cc,X1,0.45576280174661327
990,cc,X1,0.5366842428947975
991,cc,X1,0.6922871513491518
992,cc,X1,0.5140720119333756
993,cc,X1,0.4653589372746935
994,cc,X1,0.48743636531275575
995,cc,X1,0.48533820428165375
996,cc,X1,0.5315690847642451
997,cc,X1,0.487758411089412
998,cc,X1,0.5007398151205852
999,cc,X1,0.5448207790398294
1000,complete,X2,0.49412862277658876
1001,complete,X2,0.5437165404197893
1002,complete,X2,0.5140217193787388
1003,complete,X2,0.41922962923023166
1004,complete,X2,0.45073255354175484
1005,complete,X2,0.45050875867007856
1006,complete,X2,0.48178419880991014
1007,complete,X2,0.5112681120284069
1008,complete,X2,0.46379679553862235
1009,complete,X2,0.5087169667244702
1010,complete,X2,0.4850302471193152
1011,complete,X2,0.48021787259103926
1012,complete,X2,0.49557038518637875
1013,complete,X2,0.49941253145282416
1014,complete,X2,0.4175955843329079
1015,complete,X2,0.4242584078357694
1016,complete,X2,0.49285595713291896
1017,complete,X2,0.5057677500484351
1018,complete,X2,0.5075732730348778
1019,complete,X2,0.4907655497753577
1020,complete,X2,0.4484479570995109
1021,complete,X2,0.48593703139790934
1022,complete,X2,0.5092507910785143
1023,complete,X2,0.43556011154042024
1024,complete,X2,0.46909030559733045
1025,complete,X2,0.4816609172856889
1026,complete,X2,0.47618832757743357
1027,complete,X2,0.4750192795654884
1028,complete,X2,0.502106296267034
1029,complete,X2,0.4775759945752669
1030,complete,X2,0.4991405922849992
1031,complete,X2,0.4729131944106306
1032,complete,X2,0.44002087860289385
1033,complete,X2,0.45649506506668874
1034,complete,X2,0.5049116087577882
1035,complete,X2,0.4028448078348669
1036,complete,X2,0.4508953551209708
1037,complete,X2,0.48301739420636447
1038,complete,X2,0.43642068838463816
1039,complete,X2,0.4770344643204666
1040,complete,X2,0.4714768151583668
1041,complete,X2,0.45457790273309223
1042,complete,X2,0.46844704370711576
1043,complete,X2,0.43173595853754204
1044,complete,X2,0.563856332166928
1045,complete,X2,0.4148886400805445
1046,complete,X2,0.4874642150114666
1047,complete,X2,0.4780954808323104
1048,complete,X2,0.5261093993397934
1049,complete,X2,0.45190636900216186
1050,complete,X2,0.5032274336410129
1051,complete,X2,0.509790391084502
1052,complete,X2,0.48945539647177133
1053,complete,X2,0.46010768225233634
1054,complete,X2,0.48638934883041746
1055,complete,X2,0.45166276270852873
1056,complete,X2,0.41658522207758697
1057,complete,X2,0.45241021602709064
1058,complete,X2,0.4156522568817698
1059,complete,X2,0.42954328278935716
1060,complete,X2,0.42856896557350715
1061,complete,X2,0.5172508050830961
1062,complete,X2,0.40905470915673475
1063,complete,X2,0.4557164536185263
1064,complete,X2,0.4824953122283782
1065,complete,X2,0.5249274632900442
1066,complete,X2,0.5281685416995928
1067,complete,X2,0.48482960950292614
1068,complete,X2,0.5054654485834216
1069,complete,X2,0.4707168850996571
1070,complete,X2,0.4454932257340797
1071,complete,X2,0.49813221900086047
1072,complete,X2,0.4629012071887641
1073,complete,X2,0.4766550524582717
1074,complete,X2,0.46093705909365135
1075,complete,X2,0.47180906572699566
1076,complete,X2,0.483599296935343
1077,complete,X2,0.5076840706631373
1078,complete,X2,0.4674920480941114
1079,complete,X2,0.49708076348500285
1080,complete,X2,0.5033318772828246
1081,complete,X2,0.4991344312222589
1082,complete,X2,0.49501853329314516
1083,complete,X2,0.43444515330112876
1084,complete,X2,0.47485215632810657
1085,complete,X2,0.476015606446097
1086,complete,X2,0.548717476787258
1087,complete,X2,0.4054515530085315
1088,complete,X2,0.5466929601954665
1089,complete,X2,0.4407608377768565
1090,complete,X2,0.47404468972016583
1091,complete,X2,0.5009415883058626
1092,complete,X2,0.4870839097061658
1093,complete,X2,0.4211918631159495
1094,complete,X2,0.45417381077442903
1095,complete,X2,0.4929244905238359
1096,complete,X2,0.4439252437099714
1097,complete,X2,0.45426268799416886
1098,complete,X2,0.4701788011595736
1099,complete,X2,0.45294177311371575
1100,complete,X2,0.4973895628225408
1101,complete,X2,0.39186067517211304
1102,complete,X2,0.4988353899645243
1103,complete,X2,0.5019846561404974
1104,complete,X2,0.4466813055803696
1105,complete,X2,0.4973713980616777
1106,complete,X2,0.47828432178006053
1107,complete,X2,0.46094873854156526
1108,complete,X2,0.5106752734721263
1109,complete,X2,0.5006978137140028
1110,complete,X2,0.4406137641164583
1111,complete,X2,0.45365513084319437
1112,complete,X2,0.44447616069935025
1113,complete,X2,0.4515976127689656
1114,complete,X2,0.4788956547160304
1115,complete,X2,0.43967137667275996
1116,complete,X2,0.42665354382111415
1117,complete,X2,0.4762568862142004
1118,complete,X2,0.507473156298874
1119,complete,X2,0.48689093273318457
1120,complete,X2,0.45734333700261376
1121,complete,X2,0.45308135355596546
1122,complete,X2,0.46862791162806616
1123,complete,X2,0.5060563258885262
1124,complete,X2,0.5350209033290674
1125,complete,X2,0.4452365697039534
1126,complete,X2,0.45178452927196944
1127,complete,X2,0.4218803688112913
1128,complete,X2,0.5048708699451351
1129,complete,X2,0.5437140380501786
1130,complete,X2,0.4219542188777855
1131,complete,X2,0.5088595768439335
1132,complete,X2,0.4595939024296316
1133,complete,X2,0.45166454865617184
1134,complete,X2,0.42190460263958907
1135,complete,X2,0.44870334368699966
1136,complete,X2,0.4592219404310493
1137,complete,X2,0.5077558509722254
1138,complete,X2,0.48343437916072907
1139,complete,X2,0.45438362571026564
1140,complete,X2,0.45914509705764883
1141,complete,X2,0.4555911544770075
1142,complete,X2,0.44629601539750263
1143,complete,X2,0.45479027513655956
1144,complete,X2,0.43731895950249833
1145,complete,X2,0.49165790647348295
1146,complete,X2,0.43814184047114735
1147,complete,X2,0.47518408759781045
1148,complete,X2,0.527697497264927
1149,complete,X2,0.49712340898925483
1150,complete,X2,0.46060679856999476
1151,complete,X2,0.4757543151372971
1152,complete,X2,0.5035605977207955
1153,complete,X2,0.45950511537450667
1154,complete,X2,0.5225028133205717
1155,complete,X2,0.4506728200002106
1156,complete,X2,0.45956996452859894
1157,complete,X2,0.3771336357926587
1158,complete,X2,0.4637801573469845
1159,complete,X2,0.537201832948055
1160,complete,X2,0.5140210190676464
1161,complete,X2,0.43265107093543187
1162,complete,X2,0.5145040876426459
1163,complete,X2,0.5113585272408149
1164,complete,X2,0.4631454069520321
1165,complete,X2,0.4498375113604094
1166,complete,X2,0.5440636392515942
1167,complete,X2,0.43797856138329055
1168,complete,X2,0.461741655384216
1169,complete,X2,0.4572294728056865
1170,complete,X2,0.45402507798829683
1171,complete,X2,0.4269429670256839
1172,complete,X2,0.4548692762110098
1173,complete,X2,0.5165451299313253
1174,complete,X2,0.46721997954736555
1175,complete,X2,0.4982558978815098
1176,complete,X2,0.5144130953272233
1177,complete,X2,0.5021699142665688
1178,complete,X2,0.46635222083184064
1179,complete,X2,0.4479813013026147
1180,complete,X2,0.4370359106766857
1181,complete,X2,0.5031124337180257
1182,complete,X2,0.4982247179503999
1183,complete,X2,0.4531268902119864
1184,complete,X2,0.44018788231396583
1185,complete,X2,0.42391991374612525
1186,complete,X2,0.4547726267112054
1187,complete,X2,0.525546241402028
1188,complete,X2,0.499376951796081
1189,complete,X2,0.4310993037553955
1190,complete,X2,0.4396753742638041
1191,complete,X2,0.4766741517017576
1192,complete,X2,0.4743629519231187
1193,complete,X2,0.4804935163556063
1194,complete,X2,0.39150791787895745
1195,complete,X2,0.4295453221366251
1196,complete,X2,0.45681001099050145
1197,complete,X2,0.46739719697591936
1198,complete,X2,0.48942555308778
1199,complete,X2,0.46449712252228365
1200,complete,X2,0.479407853589231
1201,complete,X2,0.494569636818605
1202,complete,X2,0.4611639739004122
1203,complete,X2,0.45367668737283634
1204,complete,X2,0.4657410345189117
1205,complete,X2,0.4970740950699958
1206,complete,X2,0.5206174059142715
1207,complete,X2,0.540142610090076
1208,complete,X2,0.4804901622394163
1209,complete,X2,0.4720247145599828
1210,complete,X2,0.4736881661205223
1211,complete,X2,0.4298004792243046
1212,complete,X2,0.4156457758716406
1213,complete,X2,0.4986802252055652
1214,complete,X2,0.4098345909960112
1215,complete,X2,0.43584051215063363
1216,complete,X2,0.4659205584904663
1217,complete,X2,0.5516618932092546
1218,complete,X2,0.48120799999664965
1219,complete,X2,0.5100687529500871
1220,complete,X2,0.4773238071164073
1221,complete,X2,0.45339895827878157
1222,complete,X2,0.4601600900932275
1223,complete,X2,0.438748922653594
1224,complete,X2,0.47943643495432087
1225,complete,X2,0.45377320670834603
1226,complete,X2,0.47273724437306125
1227,complete,X2,0.47663766561912313
1228,complete,X2,0.4885111142828136
1229,complete,X2,0.4937172515345718
1230,complete,X2,0.48105274098284284
1231,complete,X2,0.41052746672556895
1232,complete,X2,0.4786583708533959
1233,complete,X2,0.4925519606696557
1234,complete,X2,0.47448968624355686
1235,complete,X2,0.41737673866549224
1236,complete,X2,0.5048874445712823
1237,complete,X2,0.5026520128452053
1238,complete,X2,0.4105023615298319
1239,complete,X2,0.4726972207221259
1240,complete,X2,0.4425969776549141
1241,complete,X2,0.40686603356134476
1242,complete,X2,0.4559818605876474
1243,complete,X2,0.5217924707888121
1244,complete,X2,0.4204564764107973
1245,complete,X2,0.4661585688831899
1246,complete,X2,0.46201538718905943
1247,complete,X2,0.4841186420251106
1248,complete,X2,0.48916838363953263
1249,complete,X2,0.5016792247844998
1250,complete,X2,0.41660334826302275
1251,complete,X2,0.5113293512726544
1252,complete,X2,0.518583969615222
1253,complete,X2,0.45053535263430317
1254,complete,X2,0.4385739462870088
1255,complete,X2,0.4559306983265247
1256,complete,X2,0.4027106395578502
1257,complete,X2,0.47154249598179226
1258,complete,X2,0.5030559014360289
1259,complete,X2,0.5250525890861245
1260,complete,X2,0.4239685742069513
1261,complete,X2,0.42243618477032535
1262,complete,X2,0.49881156128634263
1263,complete,X2,0.5115254682428316
1264,complete,X2,0.42103016938848725
1265,complete,X2,0.48157571593485343
1266,complete,X2,0.4812361149229358
1267,complete,X2,0.4919808475525457
1268,complete,X2,0.4244551780828659
1269,complete,X2,0.5334593380288021
1270,complete,X2,0.5354103382688837
1271,complete,X2,0.4291419109483065
1272,complete,X2,0.47684345665246625
1273,complete,X2,0.4960020598191027
1274,complete,X2,0.48271576037101893
1275,complete,X2,0.5176994017465785
1276,complete,X2,0.4997184850612723
1277,complete,X2,0.46994047799525623
1278,complete,X2,0.510983946454826
1279,complete,X2,0.4623079311568407
1280,complete,X2,0.5035900591035046
1281,complete,X2,0.4749440358936277
1282,complete,X2,0.5542949722024565
1283,complete,X2,0.4916893332650003
1284,complete,X2,0.5051519739175037
1285,complete,X2,0.5120515993540669
1286,complete,X2,0.46957698406776394
1287,complete,X2,0.4994956264025271
1288,complete,X2,0.4593987089928565
1289,complete,X2,0.45949064896574343
1290,complete,X2,0.4061956924899572
1291,complete,X2,0.43908652837391227
1292,complete,X2,0.4661495974722812
1293,complete,X2,0.4448691967741047
1294,complete,X2,0.48680319257992466
1295,complete,X2,0.51376506472345
1296,complete,X2,0.507536851910832
1297,complete,X2,0.40685115289541424
1298,complete,X2,0.5019939841817986
1299,complete,X2,0.47458362570644214
1300,complete,X2,0.4512423182453186
1301,complete,X2,0.5440729367213986
1302,complete,X2,0.5103641648335672
1303,complete,X2,0.5756432178090366
1304,complete,X2,0.49196600612670144
1305,complete,X2,0.4477442768137585
1306,complete,X2,0.5081934886606775
1307,complete,X2,0.49327568973976876
1308,complete,X2,0.47936534266006814
1309,complete,X2,0.39192959491157775
1310,complete,X2,0.4622652803368068
1311,complete,X2,0.49451431312967414
1312,complete,X2,0.49680999507820434
1313,complete,X2,0.4631600596127883
1314,complete,X2,0.46057209998722426
1315,complete,X2,0.42017168741611843
1316,complete,X2,0.5001580115415607
1317,complete,X2,0.4222191357578644
1318,complete,X2,0.47996496043644565
1319,complete,X2,0.4536757180932642
1320,complete,X2,0.4817202828720643
1321,complete,X2,0.4922068590921174
1322,complete,X2,0.4991091859121268
1323,complete,X2,0.4594336393494717
1324,complete,X2,0.5119969988759732
1325,complete,X2,0.5049822109213693
1326,complete,X2,0.5212852262726909
1327,complete,X2,0.5145853504226969
1328,complete,X2,0.47612368405149785
1329,complete,X2,0.5263468952138077
1330,complete,X2,0.4852122792214855
1331,complete,X2,0.4500683621874561
1332,complete,X2,0.4690496892958803
1333,complete,X2,0.4725881210598597
1334,complete,X2,0.45554122963294974
1335,complete,X2,0.45942271392759076
1336,complete,X2,0.4158239561950772
1337,complete,X2,0.4617723827729848
1338,complete,X2,0.4865436277531695
1339,complete,X2,0.47541381890901935
1340,complete,X2,0.412893817077655
1341,complete,X2,0.4431802284230029
1342,complete,X2,0.5059721872276809
1343,complete,X2,0.5056192201280899
1344,complete,X2,0.40368364852978444
1345,complete,X2,0.45001060563651196
1346,complete,X2,0.4225234897932852
1347,complete,X2,0.447512723774236
1348,complete,X2,0.40198641979993743
1349,complete,X2,0.4464130488239797
1350,complete,X2,0.46741060218065594
1351,complete,X2,0.4593181624919574
1352,complete,X2,0.5036245770646796
1353,complete,X2,0.40849115316293805
1354,complete,X2,0.5092408640847349
1355,complete,X2,0.45403845941326776
1356,complete,X2,0.4913657072942273
1357,complete,X2,0.4011246148925922
1358,complete,X2,0.48215336325891484
1359,complete,X2,0.45199542697319395
1360,complete,X2,0.5593719437687831
1361,complete,X2,0.44986167364952534
1362,complete,X2,0.4511853367142984
1363,complete,X2,0.46111265873175167
1364,complete,X2,0.505602934223093
1365,complete,X2,0.4626747737914169
1366,complete,X2,0.43891362329081723
1367,complete,X2,0.523872258422012
1368,complete,X2,0.4582404192768968
1369,complete,X2,0.4482824460711277
1370,complete,X2,0.45905062298556376
1371,complete,X2,0.4791321010227342
1372,complete,X2,0.47339181887462856
1373,complete,X2,0.4592406256424731
1374,complete,X2,0.5098255628649032
1375,complete,X2,0.5017110012922577
1376,complete,X2,0.5032847880105088
1377,complete,X2,0.46760631976184747
1378,complete,X2,0.5022050446384858
1379,complete,X2,0.49853187453349374
1380,complete,X2,0.47521646416184915
1381,complete,X2,0.45342257515039835
1382,complete,X2,0.4794379940766569
1383,complete,X2,0.47101530338410524
1384,complete,X2,0.41201617851465755
1385,complete,X2,0.473687777503794
1386,complete,X2,0.4540422896006294
1387,complete,X2,0.4868097317811667
1388,complete,X2,0.4683199739135248
1389,complete,X2,0.47287820162163313
1390,complete,X2,0.4490271850476304
1391,complete,X2,0.4588985829565094
1392,complete,X2,0.46058344460225026
1393,complete,X2,0.4343250530127976
1394,complete,X2,0.4787781758420124
1395,complete,X2,0.4341899557171692
1396,complete,X2,0.4522521238333055
1397,complete,X2,0.4648891460856278
1398,complete,X2,0.46722753532055683
1399,complete,X2,0.37815256921188617
1400,complete,X2,0.4730700637844524
1401,complete,X2,0.5000856907398414
1402,complete,X2,0.4846941218299789
1403,complete,X2,0.48764708132413087
1404,complete,X2,0.4977980514834318
1405,complete,X2,0.46121767606684055
1406,complete,X2,0.48092341207951345
1407,complete,X2,0.45744527174549837
1408,complete,X2,0.44572376620039744
1409,complete,X2,0.500693106606769
1410,complete,X2,0.45887105142411555
1411,complete,X2,0.47708462818059655
1412,complete,X2,0.507301831035282
1413,complete,X2,0.47963929547979905
1414,complete,X2,0.5344048025366374
1415,complete,X2,0.42014291410306914
1416,complete,X2,0.44284995376026354
1417,complete,X2,0.3844712597005234
1418,complete,X2,0.5220745259773225
1419,complete,X2,0.4978456081204315
1420,complete,X2,0.4499199401121674
1421,complete,X2,0.5138662350789274
1422,complete,X2,0.44295789763113763
1423,complete,X2,0.5051412246585276
1424,complete,X2,0.4820757780217201
1425,complete,X2,0.4655186933170557
1426,complete,X2,0.4663064528750849
1427,complete,X2,0.5067540512438896
1428,complete,X2,0.48596355142106357
1429,complete,X2,0.4072639334719634
1430,complete,X2,0.44860701794871394
1431,complete,X2,0.42684488699538886
1432,complete,X2,0.39095500966591706
1433,complete,X2,0.4366573275283512
1434,complete,X2,0.4458245826451805
1435,complete,X2,0.5332929488479347
1436,complete,X2,0.480097050188285
1437,complete,X2,0.42494456506831346
1438,complete,X2,0.4584272643654239
1439,complete,X2,0.4876997913417773
1440,complete,X2,0.45173792853550965
1441,complete,X2,0.4777180932463886
1442,complete,X2,0.5274035630184791
1443,complete,X2,0.48568077185916825
1444,complete,X2,0.48491296974513054
1445,complete,X2,0.49153564041370257
1446,complete,X2,0.44914842518333575
1447,complete,X2,0.49229925962788607
1448,complete,X2,0.4480764736175989
1449,complete,X2,0.48488983752509157
1450,complete,X2,0.4653373016339402
1451,complete,X2,0.413119677902667
1452,complete,X2,0.40515507742197016
1453,complete,X2,0.4989527133126031
1454,complete,X2,0.45974206776509424
1455,complete,X2,0.4781083575421169
1456,complete,X2,0.5153748494443249
1457,complete,X2,0.45447999501112235
1458,complete,X2,0.46222277690925273
1459,complete,X2,0.3880392049293063
1460,complete,X2,0.46298825562594337
1461,complete,X2,0.4831010726734546
1462,complete,X2,0.4748792181599563
1463,complete,X2,0.4444923364299103
1464,complete,X2,0.5048503623006335
1465,complete,X2,0.46986460436178906
1466,complete,X2,0.44741314801655757
1467,complete,X2,0.5019203898300708
1468,complete,X2,0.4161978722265141
1469,complete,X2,0.5543423337891811
1470,complete,X2,0.4643039881569569
1471,complete,X2,0.49190004309685004
1472,complete,X2,0.4993513364416717
1473,complete,X2,0.5053354290784133
1474,complete,X2,0.5357135349646863
1475,complete,X2,0.526661154468245
1476,complete,X2,0.44398690722156947
1477,complete,X2,0.5236359496636314
1478,complete,X2,0.4423748922188781
1479,complete,X2,0.4014571620708231
1480,complete,X2,0.4997684133317511
1481,complete,X2,0.47721003162595516
1482,complete,X2,0.5121257841369887
1483,complete,X2,0.4319594685451614
1484,complete,X2,0.5088117942512635
1485,complete,X2,0.4881716643353455
1486,complete,X2,0.48097047216783695
1487,complete,X2,0.47092212456327
1488,complete,X2,0.5134008557390689
1489,complete,X2,0.4728430800722389
1490,complete,X2,0.42585273795214856
1491,complete,X2,0.45833732803250965
1492,complete,X2,0.45893910134301563
1493,complete,X2,0.4483950437367736
1494,complete,X2,0.47888213401991736
1495,complete,X2,0.4557776575375272
1496,complete,X2,0.4712247180136139
1497,complete,X2,0.5264517790530033
1498,complete,X2,0.4116836829521589
1499,complete,X2,0.4514280309645286
1500,cc,X2,0.5291617179531056
1501,cc,X2,0.3581648036447192
1502,cc,X2,0.3395821816443153
1503,cc,X2,0.4935133346717647
1504,cc,X2,0.512533325382533
1505,cc,X2,0.46989865165858585
1506,cc,X2,0.471947228370294
1507,cc,X2,0.4054810425537431
1508,cc,X2,0.40593476307138787
1509,cc,X2,0.41199363917124787
1510,cc,X2,0.4619351469926346
1511,cc,X2,0.4166239702676803
1512,cc,X2,0.3424635098355191
1513,cc,X2,0.3743708120359612
1514,cc,X2,0.347257827811937
1515,cc,X2,0.44768598437879004
1516,cc,X2,0.33267811369538774
1517,cc,X2,0.4056708387324482
1518,cc,X2,0.4378882961549927
1519,cc,X2,0.4152878319124124
1520,cc,X2,0.39418975330584666
1521,cc,X2,0.39781467780958907
1522,cc,X2,0.33843340705746305
1523,cc,X2,0.4017101403659264
1524,cc,X2,0.299597462840337
1525,cc,X2,0.45665661351642284
1526,cc,X2,0.3889873867826419
1527,cc,X2,0.5634684623447748
1528,cc,X2,0.39481086980879443
1529,cc,X2,0.3075759796835732
1530,cc,X2,0.3495755337693643
1531,cc,X2,0.40349749205157237
1532,cc,X2,0.4498911067596075
1533,cc,X2,0.45081877728661574
1534,cc,X2,0.5186339306747944
1535,cc,X2,0.42678237490899723
1536,cc,X2,0.48550997976698135
1537,cc,X2,0.4217071739351445
1538,cc,X2,0.4986594147544066
1539,cc,X2,0.44407635688685787
1540,cc,X2,0.49431475003435144
1541,cc,X2,0.4490110628909547
1542,cc,X2,0.4941001061266537
1543,cc,X2,0.4441466125310338
1544,cc,X2,0.47608478602607973
1545,cc,X2,0.43616029354877245
1546,cc,X2,0.41901841846201243
1547,cc,X2,0.4696661700674151
1548,cc,X2,0.38527635820933753
1549,cc,X2,0.5726653832035888
1550,cc,X2,0.4661717951092126
1551,cc,X2,0.4621524342749454
1552,cc,X2,0.5664973334245446
1553,cc,X2,0.5518486562539285
1554,cc,X2,0.37497771301376
1555,cc,X2,0.41331273501492005
1556,cc,X2,0.39144486421042957
1557,cc,X2,0.4876193737203925
1558,cc,X2,0.42980865527629747
1559,cc,X2,0.48592240365149914
1560,cc,X2,0.5022470578924856
1561,cc,X2,0.4611881943020894
1562,cc,X2,0.4894944204649108
1563,cc,X2,0.3550565935116707
1564,cc,X2,0.38366812903188535
1565,cc,X2,0.4056306394571229
1566,cc,X2,0.47355481131581734
1567,cc,X2,0.49705669914655976
1568,cc,X2,0.46210577578481227
1569,cc,X2,0.3842456858572019
1570,cc,X2,0.38150215507803736
1571,cc,X2,0.5207862924467138
1572,cc,X2,0.3175106265798053
1573,cc,X2,0.4089603250170821
1574,cc,X2,0.44804552547483073
1575,cc,X2,0.31275724268890776
1576,cc,X2,0.47214517279950224
1577,cc,X2,0.417194074920616
1578,cc,X2,0.37989905568338
1579,cc,X2,0.4288119078650851
1580,cc,X2,0.4373443907998243
1581,cc,X2,0.454768939290797
1582,cc,X2,0.4250959051719148
1583,cc,X2,0.41794631183959285
1584,cc,X2,0.40868107253217406
1585,cc,X2,0.45916042314416056
1586,cc,X2,0.38100916731955264
1587,cc,X2,0.38406522939012194
1588,cc,X2,0.5213553094149387
1589,cc,X2,0.5219252087627402
1590,cc,X2,0.47566116891280846
1591,cc,X2,0.4588898793288187
1592,cc,X2,0.3621698175092714
1593,cc,X2,0.4102281762759377
1594,cc,X2,0.411543168001433
1595,cc,X2,0.2897584351926634
1596,cc,X2,0.3866533769157648
1597,cc,X2,0.3089288212776493
1598,cc,X2,0.38383567571345734
1599,cc,X2,0.48105926152070116
1600,cc,X2,0.3971584899669505
1601,cc,X2,0.41831233200807716
1602,cc,X2,0.3984336969639359
1603,cc,X2,0.43810826564633965
1604,cc,X2,0.5724991775614305
1605,cc,X2,0.5076917250449672
1606,cc,X2,0.3612180390802193
1607,cc,X2,0.4341395172690164
1608,cc,X2,0.4305602308334723
1609,cc,X2,0.31709495840029034
1610,cc,X2,0.4285029022689802
1611,cc,X2,0.4721392174818821
1612,cc,X2,0.414689787974692
1613,cc,X2,0.3603742188963367
1614,cc,X2,0.3901709067999047
1615,cc,X2,0.3544795294275381
1616,cc,X2,0.38606567826152577
1617,cc,X2,0.43683443903079344
1618,cc,X2,0.4268631039283839
1619,cc,X2,0.5792310028002984
1620,cc,X2,0.4796319213573591
1621,cc,X2,0.3079783726650138
1622,cc,X2,0.5117230707997269
1623,cc,X2,0.5080918030175614
1624,cc,X2,0.4342209141827453
1625,cc,X2,0.3542024824664372
1626,cc,X2,0.45373554511613357
1627,cc,X2,0.5288617358990878
1628,cc,X2,0.36688500468725727
1629,cc,X2,0.4114287747195622
1630,cc,X2,0.3976854927367375
1631,cc,X2,0.45945241086959787
1632,cc,X2,0.4908970682191545
1633,cc,X2,0.3848857869243356
1634,cc,X2,0.3962104153275999
1635,cc,X2,0.4887419517835164
1636,cc,X2,0.29524878438804353
1637,cc,X2,0.3594738081248384
1638,cc,X2,0.34453507704945685
1639,cc,X2,0.4640541344330888
1640,cc,X2,0.5206875197612653
1641,cc,X2,0.531151990456162
1642,cc,X2,0.42677391441616647
1643,cc,X2,0.4471566851663362
1644,cc,X2,0.47276684212075554
1645,cc,X2,0.5322013034133817
1646,cc,X2,0.42323419451865424
1647,cc,X2,0.4308365772428798
1648,cc,X2,0.3987287623821699
1649,cc,X2,0.4754163110200675
1650,cc,X2,0.3699212867429389
1651,cc,X2,0.5293885814409726
1652,cc,X2,0.5101723676412038
1653,cc,X2,0.38761226824363026
1654,cc,X2,0.48887164597840466
1655,cc,X2,0.3604195919844879
1656,cc,X2,0.2839196237443906
1657,cc,X2,0.5058903911881341
1658,cc,X2,0.45523514903644385
1659,cc,X2,0.42500091098059944
1660,cc,X2,0.3139955036309369
1661,cc,X2,0.5540733180571392
1662,cc,X2,0.46575576457714407
1663,cc,X2,0.4858505718300637
1664,cc,X2,0.36498799232842194
1665,cc,X2,0.43987295049050806
1666,cc,X2,0.4235138471715989
1667,cc,X2,0.5198926553022951
1668,cc,X2,0.4491100016118626
1669,cc,X2,0.4690244281357344
1670,cc,X2,0.3977101211972645
1671,cc,X2,0.3287053253054661
1672,cc,X2,0.265742024794399
1673,cc,X2,0.38864842927026366
1674,cc,X2,0.4330452897728897
1675,cc,X2,0.40849465588530925
1676,cc,X2,0.45044752056927917
1677,cc,X2,0.4531689332396367
1678,cc,X2,0.5119250439289893
1679,cc,X2,0.4971615425087305
1680,cc,X2,0.475432673651826
1681,cc,X2,0.33708298834726763
1682,cc,X2,0.40320361248909553
1683,cc,X2,0.5154148476565172
1684,cc,X2,0.493656509400633
1685,cc,X2,0.4760028652264497
1686,cc,X2,0.47799783934569773
1687,cc,X2,0.40724041319780424
1688,cc,X2,0.34492562030970625
1689,cc,X2,0.48128019390489235
1690,cc,X2,0.38095620244821526
1691,cc,X2,0.44630086993312795
1692,cc,X2,0.33738520153109797
1693,cc,X2,0.4539568458775149
1694,cc,X2,0.3893921398846063
1695,cc,X2,0.43775103158446393
1696,cc,X2,0.40457067314806316
1697,cc,X2,0.43266964883454806
1698,cc,X2,0.4571122077745336
1699,cc,X2,0.4954044882101643
1700,cc,X2,0.41689974904093413
1701,cc,X2,0.4812927709481231
1702,cc,X2,0.35837257090919006
1703,cc,X2,0.5557501734217277
1704,cc,X2,0.4590251668088031
1705,cc,X2,0.43629526273940816
1706,cc,X2,0.4597227236002342
1707,cc,X2,0.42889488088433764
1708,cc,X2,0.4169248771001582
1709,cc,X2,0.49330620182097196
1710,cc,X2,0.4070654779862154
1711,cc,X2,0.3984323415715033
1712,cc,X2,0.39709785072060616
1713,cc,X2,0.41245177876844685
1714,cc,X2,0.3997454507790029
1715,cc,X2,0.4300151064292728
1716,cc,X2,0.3941716838988117
1717,cc,X2,0.34300108158168385
1718,cc,X2,0.5307670823235492
1719,cc,X2,0.39046511818294616
1720,cc,X2,0.5532502266142022
1721,cc,X2,0.3531350169552017
1722,cc,X2,0.44774162884209406
1723,cc,X2,0.4689137239190201
1724,cc,X2,0.3403809779597845
1725,cc,X2,0.5113551209437452
1726,cc,X2,0.504804693402722
1727,cc,X2,0.4927579641192
1728,cc,X2,0.38025474012927785
1729,cc,X2,0.40820496326565203
1730,cc,X2,0.49809337273671384
1731,cc,X2,0.38685712842656667
1732,cc,X2,0.4536148379951443
1733,cc,X2,0.4898255669969206
1734,cc,X2,0.49032242070405624
1735,cc,X2,0.3888044141062042
1736,cc,X2,0.44315635484003923
1737,cc,X2,0.49887362030500676
1738,cc,X2,0.48565108662309703
1739,cc,X2,0.5157540993550277
1740,cc,X2,0.48048410566349853
1741,cc,X2,0.3829377553391614
1742,cc,X2,0.5014448275869582
1743,cc,X2,0.44790224416820273
1744,cc,X2,0.4960552521403236
1745,cc,X2,0.4134700772494723
1746,cc,X2,0.3490727044346599
1747,cc,X2,0.3684215907363696
1748,cc,X2,0.4699419144377405
1749,cc,X2,0.43326110179439126
1750,cc,X2,0.3766618550719069
1751,cc,X2,0.37762089657683273
1752,cc,X2,0.4574105111926335
1753,cc,X2,0.42457934569804695
1754,cc,X2,0.424474300932144
1755,cc,X2,0.36555463178663583
1756,cc,X2,0.44373252078258474
1757,cc,X2,0.4869949899349973
1758,cc,X2,0.3608526725512468
1759,cc,X2,0.2857470387360435
1760,cc,X2,0.5079077616989685
1761,cc,X2,0.483513137062722
1762,cc,X2,0.3974154744372623
1763,cc,X2,0.4203277056556267
1764,cc,X2,0.4324348553075253
1765,cc,X2,0.6128071119609665
1766,cc,X2,0.4769465958931355
1767,cc,X2,0.43906679702047646
1768,cc,X2,0.38807604537925083
1769,cc,X2,0.33549125799490515
1770,cc,X2,0.48436520645646686
1771,cc,X2,0.2940401941100189
1772,cc,X2,0.3775379075187934
1773,cc,X2,0.4317053298877022
1774,cc,X2,0.5238412990886738
1775,cc,X2,0.4191860329591347
1776,cc,X2,0.4180670651630756
1777,cc,X2,0.4274676290906258
1778,cc,X2,0.5134257825641663
1779,cc,X2,0.450322197370577
1780,cc,X2,0.3704423624046899
1781,cc,X2,0.4233979898524398
1782,cc,X2,0.41631777303546313
1783,cc,X2,0.37473222119256155
1784,cc,X2,0.4486373211344854
1785,cc,X2,0.32198501709739374
1786,cc,X2,0.42794415581749506
1787,cc,X2,0.504393261850411
1788,cc,X2,0.47644370469775543
1789,cc,X2,0.504906221928599
1790,cc,X2,0.38910532773087936
1791,cc,X2,0.41618740614417
1792,cc,X2,0.34318767628702807
1793,cc,X2,0.47650461223331436
1794,cc,X2,0.4931192657163943
1795,cc,X2,0.4699423654732645
1796,cc,X2,0.32543737180954524
1797,cc,X2,0.4712079978836393
1798,cc,X2,0.5222527421513732
1799,cc,X2,0.3387441603975707
1800,cc,X2,0.4627943578954699
1801,cc,X2,0.48274244771113506
1802,cc,X2,0.45952658335335855
1803,cc,X2,0.3664761190077172
1804,cc,X2,0.3309118390671804
1805,cc,X2,0.4985085464173088
1806,cc,X2,0.3343971962205773
1807,cc,X2,0.47643902178898273
1808,cc,X2,0.40882541493175245
1809,cc,X2,0.43581551196536
1810,cc,X2,0.44562687481009416
1811,cc,X2,0.3518199347284566
1812,cc,X2,0.4344894862252632
1813,cc,X2,0.4364496355756171
1814,cc,X2,0.4685132159220928
1815,cc,X2,0.4592393509849563
1816,cc,X2,0.44149471875715884
1817,cc,X2,0.4211491964916817
1818,cc,X2,0.37478032634674735
1819,cc,X2,0.40149843727666895
1820,cc,X2,0.364314379034115
1821,cc,X2,0.3195339369893738
1822,cc,X2,0.38636178045160835
1823,cc,X2,0.4205267125142257
1824,cc,X2,0.46479724858209065
1825,cc,X2,0.4021480286104704
1826,cc,X2,0.3818694639649654
1827,cc,X2,0.45192323630122544
1828,cc,X2,0.4453802495377651
1829,cc,X2,0.5059377253538103
1830,cc,X2,0.38563669770200326
1831,cc,X2,0.51163024488978
1832,cc,X2,0.468699742759421
1833,cc,X2,0.56964213356152
1834,cc,X2,0.40320494200003965
1835,cc,X2,0.5013352295163794
1836,cc,X2,0.4238603616320084
1837,cc,X2,0.5236709546357151
1838,cc,X2,0.4606240754598867
1839,cc,X2,0.4384108005457686
1840,cc,X2,0.3901699644715626
1841,cc,X2,0.5279847354239209
1842,cc,X2,0.5344192836774493
1843,cc,X2,0.38503995576236155
1844,cc,X2,0.482463066865443
1845,cc,X2,0.45927370243344734
1846,cc,X2,0.48072247641889476
1847,cc,X2,0.4536809007929285
1848,cc,X2,0.42249908720046303
1849,cc,X2,0.46319070147356656
1850,cc,X2,0.41126932342710226
1851,cc,X2,0.48866563366723137
1852,cc,X2,0.4916809275818809
1853,cc,X2,0.4445613701080246
1854,cc,X2,0.27282760049938837
1855,cc,X2,0.584826649405344
1856,cc,X2,0.4706647214634643
1857,cc,X2,0.48338455716207107
1858,cc,X2,0.44178498212848216
1859,cc,X2,0.55279270887052
1860,cc,X2,0.45553582093130723
1861,cc,X2,0.4682966550115519
1862,cc,X2,0.38717110162850166
1863,cc,X2,0.5764187597138622
1864,cc,X2,0.4140582010291928
1865,cc,X2,0.42176234555538983
1866,cc,X2,0.37976258565062465
1867,cc,X2,0.48486626694501195
1868,cc,X2,0.4766374834027086
1869,cc,X2,0.3419584839056415
1870,cc,X2,0.3451952683754997
1871,cc,X2,0.4261811111507857
1872,cc,X2,0.4397807629205737
1873,cc,X2,0.5151963674628018
1874,cc,X2,0.4792804718160192
1875,cc,X2,0.4295313161138928
1876,cc,X2,0.4891700659883953
1877,cc,X2,0.4243274723936131
1878,cc,X2,0.31675010824759575
1879,cc,X2,0.43230730443838655
1880,cc,X2,0.42727884040171216
1881,cc,X2,0.40126674835098264
1882,cc,X2,0.5211335304154918
1883,cc,X2,0.4461754370901933
1884,cc,X2,0.38819041214236905
1885,cc,X2,0.3811997682893497
1886,cc,X2,0.43955656360124395
1887,cc,X2,0.4030047077983586
1888,cc,X2,0.4127665297123624
1889,cc,X2,0.39283771874408485
1890,cc,X2,0.3885661977117008
1891,cc,X2,0.42807307827046637
1892,cc,X2,0.43727178813238055
1893,cc,X2,0.42252705032933147
1894,cc,X2,0.45071554137534947
1895,cc,X2,0.4104058267280126
1896,cc,X2,0.40790395810252267
1897,cc,X2,0.4221039567842828
1898,cc,X2,0.4447139120899087
1899,cc,X2,0.40839423605115904
1900,cc,X2,0.46049804956169044
1901,cc,X2,0.3851524228235802
1902,cc,X2,0.503889765443562
1903,cc,X2,0.4544578471876362
1904,cc,X2,0.4461638838543462
1905,cc,X2,0.3313489232667429
1906,cc,X2,0.37399198536242195
1907,cc,X2,0.5147194896129506
1908,cc,X2,0.3949900000843395
1909,cc,X2,0.49908884305750983
1910,cc,X2,0.47006723747649
1911,cc,X2,0.3172868703687897
1912,cc,X2,0.5311023927601375
1913,cc,X2,0.3691378985871907
1914,cc,X2,0.3937409101512782
1915,cc,X2,0.3986922690234707
1916,cc,X2,0.4188171121494373
1917,cc,X2,0.47781413575002535
1918,cc,X2,0.4118810390005039
1919,cc,X2,0.45536222693677275
1920,cc,X2,0.39747001991827957
1921,cc,X2,0.42236759684245884
1922,cc,X2,0.2527009923674499
1923,cc,X2,0.42841455188183764
1924,cc,X2,0.4331263485783652
1925,cc,X2,0.4412465217366342
1926,cc,X2,0.37576385486357583
1927,cc,X2,0.494438694301911
1928,cc,X2,0.4383069022538393
1929,cc,X2,0.4294178366474538
1930,cc,X2,0.36951188180048955
1931,cc,X2,0.38499974622659755
1932,cc,X2,0.4829877447807624
1933,cc,X2,0.4944613409050093
1934,cc,X2,0.48157580543327727
1935,cc,X2,0.4182197269435209
1936,cc,X2,0.5061627674669824
1937,cc,X2,0.35860890727358513
1938,cc,X2,0.45686621624586055
1939,cc,X2,0.3691767506501523
1940,cc,X2,0.36858265441092497
1941,cc,X2,0.33494205241579444
1942,cc,X2,0.5265958286837303
1943,cc,X2,0.4189856430871578
1944,cc,X2,0.5078520741025114
1945,cc,X2,0.4363788600196131
1946,cc,X2,0.43616888185135716
1947,cc,X2,0.3508117729825847
1948,cc,X2,0.4493929770962748
1949,cc,X2,0.4373912533035976
1950,cc,X2,0.4797354503742941
1951,cc,X2,0.42752949231520904
1952,cc,X2,0.4019778413098631
1953,cc,X2,0.40982937937103875
1954,cc,X2,0.4264429796516142
1955,cc,X2,0.4955655232675411
1956,cc,X2,0.45176025211053134
1957,cc,X2,0.43368287674113837
1958,cc,X2,0.3316784161890171
1959,cc,X2,0.39405329787392673
1960,cc,X2,0.468876058740968
1961,cc,X2,0.2847085259097993
1962,cc,X2,0.5245989162935456
1963,cc,X2,0.40648714332890634
1964,cc,X2,0.4766067229648233
1965,cc,X2,0.43739693652350514
1966,cc,X2,0.4803540711839102
1967,cc,X2,0.4743960208955616
1968,cc,X2,0.47832589201893155
1969,cc,X2,0.43205533952072006
1970,cc,X2,0.4694317985972778
1971,cc,X2,0.28824396403597324
1972,cc,X2,0.45631145267668033
1973,cc,X2,0.4468723206116936
1974,cc,X2,0.4482876360609066
1975,cc,X2,0.4141521200377302
1976,cc,X2,0.457359162569295
1977,cc,X2,0.4329003867515858
1978,cc,X2,0.4614976462250669
1979,cc,X2,0.48187812076573644
1980,cc,X2,0.46052601597688175
1981,cc,X2,0.41322652131624565
1982,cc,X2,0.5018809767774811
1983,cc,X2,0.4235300675172265
1984,cc,X2,0.33992658306832596
1985,cc,X2,0.49367688729129855
1986,cc,X2,0.390836972533171
1987,cc,X2,0.4991790166614081
1988,cc,X2,0.45400864108837197
1989,cc,X2,0.5427802559762562
1990,cc,X2,0.5143273987490936
1991,cc,X2,0.370904366058632
1992,cc,X2,0.3551631373586572
1993,cc,X2,0.32293129508602786
1994,cc,X2,0.47825848553491984
1995,cc,X2,0.4041875788431735
1996,cc,X2,0.435792718676859
1997,cc,X2,0.453311518621264
1998,cc,X2,0.4736529332665158
1999,cc,X2,0.5152259212591472
